Sample_ID,i5index_sequence,i5index_name,i7index_sequence,i7index_name
negoro16.30A01,ATCGTACG,SA501,CGAGAGTT,SA701
oro16.3423,CTAGAGCT,SC504,CGAGAGTT,SA701
oro16.3412,CGTCGCTA,SC503,CGAGAGTT,SA701
negoro.31A01,CTACTATA,SB501,CGAGAGTT,SA701
oro16.4313,GACACCGT,SA508,CGAGAGTT,SA701
oro16.0703,GTCAGATA,SB508,CGAGAGTT,SA701
oro16.4302,GGATATCT,SA507,CGAGAGTT,SA701
oro16.3401,ATATACAC,SC502,CGAGAGTT,SA701
oro16.4059,TACGAGAC,SB504,CGAGAGTT,SA701
oro16.3456,TGCGTACG,SC507,CGAGAGTT,SA701
oro16.4070,ACGTCTCG,SB505,CGAGAGTT,SA701
oro16.4506,TAGCGAGT,SA503,CGAGAGTT,SA701
oro16.4291,CGTGAGTG,SA506,CGAGAGTT,SA701
oro16.4495,ACTATCTG,SA502,CGAGAGTT,SA701
oro16.4048,AGAGTCAC,SB503,CGAGAGTT,SA701
oro16.4037,CGTTACTA,SB502,CGAGAGTT,SA701
oro16.3445,GACACTGA,SC506,CGAGAGTT,SA701
oro16.3467,TAGTGTAG,SC508,CGAGAGTT,SA701
negoro.32A01,ACGACGTG,SC501,CGAGAGTT,SA701
oro16.4517,CTGCGTGT,SA504,CGAGAGTT,SA701
oro16.0692,GATCGTGT,SB507,CGAGAGTT,SA701
oro16.4528,TCATCGAG,SA505,CGAGAGTT,SA701
oro16.4081,TCGACGAG,SB506,CGAGAGTT,SA701
oro16.3434,GCTCTAGT,SC505,CGAGAGTT,SA701
oro16.4024,CTACTATA,SB501,GACATAGT,SA702
oro16.3424,CTAGAGCT,SC504,GACATAGT,SA702
oro16.4071,ACGTCTCG,SB505,GACATAGT,SA702
oro16.0704,GTCAGATA,SB508,GACATAGT,SA702
negoro.31B02,CGTTACTA,SB502,GACATAGT,SA702
oro16.4507,TAGCGAGT,SA503,GACATAGT,SA702
oro16.4292,CGTGAGTG,SA506,GACATAGT,SA702
negoro.32B02,ATATACAC,SC502,GACATAGT,SA702
oro16.4049,AGAGTCAC,SB503,GACATAGT,SA702
oro16.3435,GCTCTAGT,SC505,GACATAGT,SA702
oro16.3457,TGCGTACG,SC507,GACATAGT,SA702
oro16.4314,GACACCGT,SA508,GACATAGT,SA702
bri16.0141,ATCGTACG,SA501,GACATAGT,SA702
oro16.4303,GGATATCT,SA507,GACATAGT,SA702
oro16.4060,TACGAGAC,SB504,GACATAGT,SA702
oro16.4529,TCATCGAG,SA505,GACATAGT,SA702
oro16.3413,CGTCGCTA,SC503,GACATAGT,SA702
negoro16.30B02,ACTATCTG,SA502,GACATAGT,SA702
oro16.3446,GACACTGA,SC506,GACATAGT,SA702
oro16.3390,ACGACGTG,SC501,GACATAGT,SA702
oro16.3468,TAGTGTAG,SC508,GACATAGT,SA702
oro16.4082,TCGACGAG,SB506,GACATAGT,SA702
oro16.4518,CTGCGTGT,SA504,GACATAGT,SA702
oro16.0693,GATCGTGT,SB507,GACATAGT,SA702
oro16.4315,GACACCGT,SA508,ACGCTACT,SA703
oro16.3402,ATATACAC,SC502,ACGCTACT,SA703
oro16.4025,CTACTATA,SB501,ACGCTACT,SA703
negoro.32C03,CGTCGCTA,SC503,ACGCTACT,SA703
oro16.0705,GTCAGATA,SB508,ACGCTACT,SA703
oro16.4293,CGTGAGTG,SA506,ACGCTACT,SA703
oro16.3425,CTAGAGCT,SC504,ACGCTACT,SA703
negoro.31C03,AGAGTCAC,SB503,ACGCTACT,SA703
oro16.4519,TAGCGAGT,SA503,ACGCTACT,SA703
oro16.4038,CGTTACTA,SB502,ACGCTACT,SA703
oro16.3391,ACGACGTG,SC501,ACGCTACT,SA703
oro16.4485,ATCGTACG,SA501,ACGCTACT,SA703
oro16.4496,ACTATCTG,SA502,ACGCTACT,SA703
oro16.4304,GGATATCT,SA507,ACGCTACT,SA703
oro16.4072,ACGTCTCG,SB505,ACGCTACT,SA703
oro16.3447,GACACTGA,SC506,ACGCTACT,SA703
oro16.0694,GATCGTGT,SB507,ACGCTACT,SA703
negoro16.30D03,CTGCGTGT,SA504,ACGCTACT,SA703
oro16.3436,GCTCTAGT,SC505,ACGCTACT,SA703
oro16.4530,TCATCGAG,SA505,ACGCTACT,SA703
oro16.3458,TGCGTACG,SC507,ACGCTACT,SA703
oro16.3469,TAGTGTAG,SC508,ACGCTACT,SA703
oro16.4061,TACGAGAC,SB504,ACGCTACT,SA703
oro16.4083,TCGACGAG,SB506,ACGCTACT,SA703
oro16.4305,GGATATCT,SA507,ACTCACTG,SA704
oro16.3403,ATATACAC,SC502,ACTCACTG,SA704
oro16.0706,GTCAGATA,SB508,ACTCACTG,SA704
oro16.4026,CTACTATA,SB501,ACTCACTG,SA704
oro16.3414,CGTCGCTA,SC503,ACTCACTG,SA704
oro16.3448,GACACTGA,SC506,ACTCACTG,SA704
negoro.32D04,CTAGAGCT,SC504,ACTCACTG,SA704
oro16.4294,CGTGAGTG,SA506,ACTCACTG,SA704
oro16.4039,CGTTACTA,SB502,ACTCACTG,SA704
oro16.3392,ACGACGTG,SC501,ACTCACTG,SA704
oro16.4531,TCATCGAG,SA505,ACTCACTG,SA704
oro16.4486,ATCGTACG,SA501,ACTCACTG,SA704
oro16.4316,GACACCGT,SA508,ACTCACTG,SA704
oro16.4073,ACGTCTCG,SB505,ACTCACTG,SA704
oro16.4508,TAGCGAGT,SA503,ACTCACTG,SA704
negoro16.30D04,CTGCGTGT,SA504,ACTCACTG,SA704
oro16.0695,GATCGTGT,SB507,ACTCACTG,SA704
negoro.31D04,TACGAGAC,SB504,ACTCACTG,SA704
oro16.4497,ACTATCTG,SA502,ACTCACTG,SA704
oro16.4050,AGAGTCAC,SB503,ACTCACTG,SA704
oro16.3437,GCTCTAGT,SC505,ACTCACTG,SA704
oro16.3459,TGCGTACG,SC507,ACTCACTG,SA704
oro16.3470,TAGTGTAG,SC508,ACTCACTG,SA704
oro16.0684,TCGACGAG,SB506,ACTCACTG,SA704
oro16.4295,CGTGAGTG,SA506,TGAGTACG,SA705
oro16.3460,TGCGTACG,SC507,TGAGTACG,SA705
oro16.3415,CGTCGCTA,SC503,TGAGTACG,SA705
oro16.4027,CTACTATA,SB501,TGAGTACG,SA705
oro16.4306,GGATATCT,SA507,TGAGTACG,SA705
oro16.4317,GACACCGT,SA508,TGAGTACG,SA705
oro16.0707,GTCAGATA,SB508,TGAGTACG,SA705
oro16.4040,CGTTACTA,SB502,TGAGTACG,SA705
negoro.32E05,GCTCTAGT,SC505,TGAGTACG,SA705
oro16.3404,ATATACAC,SC502,TGAGTACG,SA705
oro16.3426,CTAGAGCT,SC504,TGAGTACG,SA705
oro16.4051,AGAGTCAC,SB503,TGAGTACG,SA705
oro16.3449,GACACTGA,SC506,TGAGTACG,SA705
negoro.31E05,ACGTCTCG,SB505,TGAGTACG,SA705
oro16.3393,ACGACGTG,SC501,TGAGTACG,SA705
oro16.4509,TAGCGAGT,SA503,TGAGTACG,SA705
oro16.4498,ACTATCTG,SA502,TGAGTACG,SA705
oro16.4062,TACGAGAC,SB504,TGAGTACG,SA705
oro16.4487,ATCGTACG,SA501,TGAGTACG,SA705
oro16.3471,TAGTGTAG,SC508,TGAGTACG,SA705
negoro16.30E05,TCATCGAG,SA505,TGAGTACG,SA705
oro16.0696,GATCGTGT,SB507,TGAGTACG,SA705
oro16.0685,TCGACGAG,SB506,TGAGTACG,SA705
oro16.4520,CTGCGTGT,SA504,TGAGTACG,SA705
oro16.4028,CTACTATA,SB501,CTGCGTAG,SA706
oro16.4499,ACTATCTG,SA502,CTGCGTAG,SA706
oro16.3405,ATATACAC,SC502,CTGCGTAG,SA706
oro16.3416,CGTCGCTA,SC503,CTGCGTAG,SA706
oro16.4041,CGTTACTA,SB502,CTGCGTAG,SA706
oro16.4488,ATCGTACG,SA501,CTGCGTAG,SA706
oro16.3427,CTAGAGCT,SC504,CTGCGTAG,SA706
negoro16.30F06,CGTGAGTG,SA506,CTGCGTAG,SA706
oro16.3384,GTCAGATA,SB508,CTGCGTAG,SA706
oro16.4510,TAGCGAGT,SA503,CTGCGTAG,SA706
oro16.4052,AGAGTCAC,SB503,CTGCGTAG,SA706
oro16.3438,GCTCTAGT,SC505,CTGCGTAG,SA706
oro16.4318,GACACCGT,SA508,CTGCGTAG,SA706
oro16.4521,CTGCGTGT,SA504,CTGCGTAG,SA706
negoro.32F06,GACACTGA,SC506,CTGCGTAG,SA706
oro16.4284,TCATCGAG,SA505,CTGCGTAG,SA706
oro16.3472,TAGTGTAG,SC508,CTGCGTAG,SA706
oro16.4063,TACGAGAC,SB504,CTGCGTAG,SA706
oro16.3461,TGCGTACG,SC507,CTGCGTAG,SA706
negoro.31F06,TCGACGAG,SB506,CTGCGTAG,SA706
oro16.4074,ACGTCTCG,SB505,CTGCGTAG,SA706
oro16.4307,GGATATCT,SA507,CTGCGTAG,SA706
oro16.0697,GATCGTGT,SB507,CTGCGTAG,SA706
oro16.3394,ACGACGTG,SC501,CTGCGTAG,SA706
oro16.4064,TACGAGAC,SB504,TAGTCTCC,SA707
oro16.3417,CGTCGCTA,SC503,TAGTCTCC,SA707
oro16.3450,GACACTGA,SC506,TAGTCTCC,SA707
oro16.4511,TAGCGAGT,SA503,TAGTCTCC,SA707
oro16.4042,CGTTACTA,SB502,TAGTCTCC,SA707
oro16.4522,CTGCGTGT,SA504,TAGTCTCC,SA707
oro16.0686,TCGACGAG,SB506,TAGTCTCC,SA707
oro16.4296,CGTGAGTG,SA506,TAGTCTCC,SA707
oro16.4029,CTACTATA,SB501,TAGTCTCC,SA707
oro16.3385,GTCAGATA,SB508,TAGTCTCC,SA707
oro16.3439,GCTCTAGT,SC505,TAGTCTCC,SA707
oro16.3428,CTAGAGCT,SC504,TAGTCTCC,SA707
oro16.4500,ACTATCTG,SA502,TAGTCTCC,SA707
oro16.4075,ACGTCTCG,SB505,TAGTCTCC,SA707
oro16.3473,TAGTGTAG,SC508,TAGTCTCC,SA707
negoro16.30G07,GGATATCT,SA507,TAGTCTCC,SA707
oro16.4489,ATCGTACG,SA501,TAGTCTCC,SA707
oro16.4053,AGAGTCAC,SB503,TAGTCTCC,SA707
negoro.31G07,GATCGTGT,SB507,TAGTCTCC,SA707
oro16.4319,GACACCGT,SA508,TAGTCTCC,SA707
oro16.3395,ACGACGTG,SC501,TAGTCTCC,SA707
oro16.3406,ATATACAC,SC502,TAGTCTCC,SA707
negoro.32G07,TGCGTACG,SC507,TAGTCTCC,SA707
oro16.4285,TCATCGAG,SA505,TAGTCTCC,SA707
oro16.4065,TACGAGAC,SB504,CGAGCGAC,SA708
oro16.3451,GACACTGA,SC506,CGAGCGAC,SA708
oro16.4030,CTACTATA,SB501,CGAGCGAC,SA708
oro16.4512,TAGCGAGT,SA503,CGAGCGAC,SA708
oro16.3462,TGCGTACG,SC507,CGAGCGAC,SA708
oro16.4076,ACGTCTCG,SB505,CGAGCGAC,SA708
oro16.4297,CGTGAGTG,SA506,CGAGCGAC,SA708
oro16.4490,ATCGTACG,SA501,CGAGCGAC,SA708
negoro.31H08,GTCAGATA,SB508,CGAGCGAC,SA708
oro16.0687,TCGACGAG,SB506,CGAGCGAC,SA708
oro16.3440,GCTCTAGT,SC505,CGAGCGAC,SA708
oro16.3429,CTAGAGCT,SC504,CGAGCGAC,SA708
negoro.32H08,TAGTGTAG,SC508,CGAGCGAC,SA708
oro16.4054,AGAGTCAC,SB503,CGAGCGAC,SA708
oro16.4523,CTGCGTGT,SA504,CGAGCGAC,SA708
oro16.3418,CGTCGCTA,SC503,CGAGCGAC,SA708
oro16.4501,ACTATCTG,SA502,CGAGCGAC,SA708
oro16.4286,TCATCGAG,SA505,CGAGCGAC,SA708
oro16.4043,CGTTACTA,SB502,CGAGCGAC,SA708
oro16.3407,ATATACAC,SC502,CGAGCGAC,SA708
oro16.4308,GGATATCT,SA507,CGAGCGAC,SA708
oro16.0698,GATCGTGT,SB507,CGAGCGAC,SA708
negoro16.30H08,GACACCGT,SA508,CGAGCGAC,SA708
oro16.3396,ACGACGTG,SC501,CGAGCGAC,SA708
oro16.3452,GACACTGA,SC506,ACTACGAC,SA709
oro16.3463,TGCGTACG,SC507,ACTACGAC,SA709
oro16.3419,CGTCGCTA,SC503,ACTACGAC,SA709
oro16.3386,GTCAGATA,SB508,ACTACGAC,SA709
oro16.4298,CGTGAGTG,SA506,ACTACGAC,SA709
oro16.4031,CTACTATA,SB501,ACTACGAC,SA709
oro16.3474,TAGTGTAG,SC508,ACTACGAC,SA709
oro16.3397,ACGACGTG,SC501,ACTACGAC,SA709
oro16.4066,TACGAGAC,SB504,ACTACGAC,SA709
oro16.4502,ACTATCTG,SA502,ACTACGAC,SA709
oro16.4309,GGATATCT,SA507,ACTACGAC,SA709
oro16.3408,ATATACAC,SC502,ACTACGAC,SA709
oro16.4077,ACGTCTCG,SB505,ACTACGAC,SA709
oro16.3441,GCTCTAGT,SC505,ACTACGAC,SA709
oro16.4044,CGTTACTA,SB502,ACTACGAC,SA709
oro16.4513,TAGCGAGT,SA503,ACTACGAC,SA709
oro16.4020,GACACCGT,SA508,ACTACGAC,SA709
oro16.4055,AGAGTCAC,SB503,ACTACGAC,SA709
oro16.0688,TCGACGAG,SB506,ACTACGAC,SA709
oro16.0699,GATCGTGT,SB507,ACTACGAC,SA709
oro16.4287,TCATCGAG,SA505,ACTACGAC,SA709
oro16.4524,CTGCGTGT,SA504,ACTACGAC,SA709
oro16.4491,ATCGTACG,SA501,ACTACGAC,SA709
oro16.3430,CTAGAGCT,SC504,ACTACGAC,SA709
oro16.4299,CGTGAGTG,SA506,GTCTGCTA,SA710
oro16.4067,TACGAGAC,SB504,GTCTGCTA,SA710
oro16.3453,GACACTGA,SC506,GTCTGCTA,SA710
oro16.4078,ACGTCTCG,SB505,GTCTGCTA,SA710
oro16.4525,CTGCGTGT,SA504,GTCTGCTA,SA710
oro16.4310,GGATATCT,SA507,GTCTGCTA,SA710
oro16.3420,CGTCGCTA,SC503,GTCTGCTA,SA710
oro16.4045,CGTTACTA,SB502,GTCTGCTA,SA710
oro16.4503,ACTATCTG,SA502,GTCTGCTA,SA710
oro16.0689,TCGACGAG,SB506,GTCTGCTA,SA710
oro16.3398,ACGACGTG,SC501,GTCTGCTA,SA710
oro16.3464,TGCGTACG,SC507,GTCTGCTA,SA710
oro16.4492,ATCGTACG,SA501,GTCTGCTA,SA710
oro16.4514,TAGCGAGT,SA503,GTCTGCTA,SA710
oro16.3409,ATATACAC,SC502,GTCTGCTA,SA710
oro16.3387,GTCAGATA,SB508,GTCTGCTA,SA710
oro16.4034,CTACTATA,SB501,GTCTGCTA,SA710
oro16.3442,GCTCTAGT,SC505,GTCTGCTA,SA710
oro16.3475,TAGTGTAG,SC508,GTCTGCTA,SA710
oro16.4021,GACACCGT,SA508,GTCTGCTA,SA710
oro16.3431,CTAGAGCT,SC504,GTCTGCTA,SA710
oro16.4056,AGAGTCAC,SB503,GTCTGCTA,SA710
oro16.0700,GATCGTGT,SB507,GTCTGCTA,SA710
oro16.4288,TCATCGAG,SA505,GTCTGCTA,SA710
oro16.3454,GACACTGA,SC506,GTCTATGA,SA711
oro16.3399,ACGACGTG,SC501,GTCTATGA,SA711
oro16.3465,TGCGTACG,SC507,GTCTATGA,SA711
oro16.4300,CGTGAGTG,SA506,GTCTATGA,SA711
oro16.3388,GTCAGATA,SB508,GTCTATGA,SA711
oro16.3410,ATATACAC,SC502,GTCTATGA,SA711
oro16.3421,CGTCGCTA,SC503,GTCTATGA,SA711
oro16.4515,TAGCGAGT,SA503,GTCTATGA,SA711
oro16.4022,GACACCGT,SA508,GTCTATGA,SA711
oro16.4526,CTGCGTGT,SA504,GTCTATGA,SA711
oro16.4046,CGTTACTA,SB502,GTCTATGA,SA711
oro16.4311,GGATATCT,SA507,GTCTATGA,SA711
oro16.0701,GATCGTGT,SB507,GTCTATGA,SA711
oro16.3432,CTAGAGCT,SC504,GTCTATGA,SA711
oro16.0690,TCGACGAG,SB506,GTCTATGA,SA711
oro16.4504,ACTATCTG,SA502,GTCTATGA,SA711
oro16.4079,ACGTCTCG,SB505,GTCTATGA,SA711
oro16.4493,ATCGTACG,SA501,GTCTATGA,SA711
oro16.4068,TACGAGAC,SB504,GTCTATGA,SA711
oro16.3443,GCTCTAGT,SC505,GTCTATGA,SA711
oro16.3476,TAGTGTAG,SC508,GTCTATGA,SA711
oro16.4057,AGAGTCAC,SB503,GTCTATGA,SA711
oro16.4289,TCATCGAG,SA505,GTCTATGA,SA711
oro16.4035,CTACTATA,SB501,GTCTATGA,SA711
oro16.3389,GTCAGATA,SB508,TATAGCGA,SA712
oro16.4290,TCATCGAG,SA505,TATAGCGA,SA712
oro16.4023,GACACCGT,SA508,TATAGCGA,SA712
oro16.4036,CTACTATA,SB501,TATAGCGA,SA712
oro16.3466,TGCGTACG,SC507,TATAGCGA,SA712
oro16.4516,TAGCGAGT,SA503,TATAGCGA,SA712
oro16.3411,ATATACAC,SC502,TATAGCGA,SA712
oro16.4505,ACTATCTG,SA502,TATAGCGA,SA712
oro16.4069,TACGAGAC,SB504,TATAGCGA,SA712
oro16.0691,TCGACGAG,SB506,TATAGCGA,SA712
oro16.4080,ACGTCTCG,SB505,TATAGCGA,SA712
oro16.4312,GGATATCT,SA507,TATAGCGA,SA712
oro16.3400,ACGACGTG,SC501,TATAGCGA,SA712
oro16.4527,CTGCGTGT,SA504,TATAGCGA,SA712
oro16.4494,ATCGTACG,SA501,TATAGCGA,SA712
oro16.4058,AGAGTCAC,SB503,TATAGCGA,SA712
oro16.0702,GATCGTGT,SB507,TATAGCGA,SA712
oro16.4047,CGTTACTA,SB502,TATAGCGA,SA712
oro16.4301,CGTGAGTG,SA506,TATAGCGA,SA712
oro16.3477,TAGTGTAG,SC508,TATAGCGA,SA712
oro16.3433,CTAGAGCT,SC504,TATAGCGA,SA712
oro16.3444,GCTCTAGT,SC505,TATAGCGA,SA712
oro16.3422,CGTCGCTA,SC503,TATAGCGA,SA712
oro16.3455,GACACTGA,SC506,TATAGCGA,SA712
oro16.3563,GATCGTGT,SB507,CTCGACTT,SB701
oro16.3239,GGATATCT,SA507,CTCGACTT,SB701
oro16.3500,TAGCGAGT,SA503,CTCGACTT,SB701
oro16.3489,ACTATCTG,SA502,CTCGACTT,SB701
negoro.33A01,ATCGTACG,SA501,CTCGACTT,SB701
negoro.35A01,ACGACGTG,SC501,CTCGACTT,SB701
oro16.2875,TGCGTACG,SC507,CTCGACTT,SB701
oro16.2865,GACACTGA,SC506,CTCGACTT,SB701
oro16.3202,TACGAGAC,SB504,CTCGACTT,SB701
oro16.3215,ACGTCTCG,SB505,CTCGACTT,SB701
oro16.3511,CTGCGTGT,SA504,CTCGACTT,SB701
negoro.34A01,CTACTATA,SB501,CTCGACTT,SB701
oro16.3522,TCATCGAG,SA505,CTCGACTT,SB701
oro16.3272,CGTTACTA,SB502,CTCGACTT,SB701
oro16.3194,AGAGTCAC,SB503,CTCGACTT,SB701
oro16.2951,TAGTGTAG,SC508,CTCGACTT,SB701
oro16.3537,GTCAGATA,SB508,CTCGACTT,SB701
oro16.3574,CGTCGCTA,SC503,CTCGACTT,SB701
oro16.3533,CGTGAGTG,SA506,CTCGACTT,SB701
oro16.2853,GCTCTAGT,SC505,CTCGACTT,SB701
oro16.2840,CTAGAGCT,SC504,CTCGACTT,SB701
oro16.3225,TCGACGAG,SB506,CTCGACTT,SB701
oro16.3583,ATATACAC,SC502,CTCGACTT,SB701
oro16.3250,GACACCGT,SA508,CTCGACTT,SB701
oro16.3478,ATCGTACG,SA501,CGAAGTAT,SB702
oro16.3501,TAGCGAGT,SA503,CGAAGTAT,SB702
oro16.3227,ACGTCTCG,SB505,CGAAGTAT,SB702
oro16.3201,AGAGTCAC,SB503,CGAAGTAT,SB702
oro16.3512,CTGCGTGT,SA504,CGAAGTAT,SB702
oro16.2866,GACACTGA,SC506,CGAAGTAT,SB702
oro16.3553,ACGACGTG,SC501,CGAAGTAT,SB702
oro16.2842,CTAGAGCT,SC504,CGAAGTAT,SB702
oro16.3197,TACGAGAC,SB504,CGAAGTAT,SB702
oro16.2881,TGCGTACG,SC507,CGAAGTAT,SB702
oro16.3240,GGATATCT,SA507,CGAAGTAT,SB702
negoro.33B02,ACTATCTG,SA502,CGAAGTAT,SB702
oro16.3230,TCGACGAG,SB506,CGAAGTAT,SB702
oro16.3540,GTCAGATA,SB508,CGAAGTAT,SB702
oro16.2854,GCTCTAGT,SC505,CGAAGTAT,SB702
oro16.3562,GATCGTGT,SB507,CGAAGTAT,SB702
negoro.34B02,CGTTACTA,SB502,CGAAGTAT,SB702
oro16.3523,TCATCGAG,SA505,CGAAGTAT,SB702
oro16.3261,CTACTATA,SB501,CGAAGTAT,SB702
oro16.3251,GACACCGT,SA508,CGAAGTAT,SB702
oro16.2843,CGTCGCTA,SC503,CGAAGTAT,SB702
oro16.2956,TAGTGTAG,SC508,CGAAGTAT,SB702
oro16.3577,ATATACAC,SC502,CGAAGTAT,SB702
bri16.0357,CGTGAGTG,SA506,CGAAGTAT,SB702
oro16.3557,GATCGTGT,SB507,TAGCAGCT,SB703
oro16.3513,CTGCGTGT,SA504,TAGCAGCT,SB703
negoro.35D03,CTAGAGCT,SC504,TAGCAGCT,SB703
bri16.0659,CGTGAGTG,SA506,TAGCAGCT,SB703
oro16.3524,TCATCGAG,SA505,TAGCAGCT,SB703
oro16.3273,CGTTACTA,SB502,TAGCAGCT,SB703
negoro.33C03,TAGCGAGT,SA503,TAGCAGCT,SB703
oro16.3208,TACGAGAC,SB504,TAGCAGCT,SB703
oro16.2855,GCTCTAGT,SC505,TAGCAGCT,SB703
oro16.2867,GACACTGA,SC506,TAGCAGCT,SB703
oro16.2877,TGCGTACG,SC507,TAGCAGCT,SB703
oro16.3558,ACGACGTG,SC501,TAGCAGCT,SB703
oro16.2980,TAGTGTAG,SC508,TAGCAGCT,SB703
oro16.3479,ATCGTACG,SA501,TAGCAGCT,SB703
negoro.34C03,AGAGTCAC,SB503,TAGCAGCT,SB703
oro16.2846,CGTCGCTA,SC503,TAGCAGCT,SB703
oro16.3214,ACGTCTCG,SB505,TAGCAGCT,SB703
oro16.3541,GTCAGATA,SB508,TAGCAGCT,SB703
oro16.3490,ACTATCTG,SA502,TAGCAGCT,SB703
oro16.3252,GACACCGT,SA508,TAGCAGCT,SB703
oro16.3262,CTACTATA,SB501,TAGCAGCT,SB703
oro16.3206,TCGACGAG,SB506,TAGCAGCT,SB703
oro16.3241,GGATATCT,SA507,TAGCAGCT,SB703
oro16.3582,ATATACAC,SC502,TAGCAGCT,SB703
oro16.2878,TGCGTACG,SC507,TCTCTATG,SB704
oro16.3491,ACTATCTG,SA502,TCTCTATG,SB704
oro16.2963,TAGTGTAG,SC508,TCTCTATG,SB704
oro16.3205,AGAGTCAC,SB503,TCTCTATG,SB704
negoro.33D04,CTGCGTGT,SA504,TCTCTATG,SB704
negoro.34D04,TACGAGAC,SB504,TCTCTATG,SB704
oro16.3525,TCATCGAG,SA505,TCTCTATG,SB704
oro16.3274,CGTTACTA,SB502,TCTCTATG,SB704
oro16.3480,ATCGTACG,SA501,TCTCTATG,SB704
negoro.35D04,CTAGAGCT,SC504,TCTCTATG,SB704
oro16.3502,TAGCGAGT,SA503,TCTCTATG,SB704
oro16.2858,GCTCTAGT,SC505,TCTCTATG,SB704
oro16.3219,TCGACGAG,SB506,TCTCTATG,SB704
oro16.2868,GACACTGA,SC506,TCTCTATG,SB704
oro16.3546,GTCAGATA,SB508,TCTCTATG,SB704
oro16.3550,GATCGTGT,SB507,TCTCTATG,SB704
oro16.3580,ATATACAC,SC502,TCTCTATG,SB704
oro16.2845,CGTCGCTA,SC503,TCTCTATG,SB704
bri16.0660,CGTGAGTG,SA506,TCTCTATG,SB704
oro16.3565,ACGACGTG,SC501,TCTCTATG,SB704
oro16.3263,CTACTATA,SB501,TCTCTATG,SB704
oro16.3242,GGATATCT,SA507,TCTCTATG,SB704
oro16.3253,GACACCGT,SA508,TCTCTATG,SB704
oro16.3229,ACGTCTCG,SB505,TCTCTATG,SB704
oro16.3514,CTGCGTGT,SA504,GATCTACG,SB705
oro16.3275,CGTTACTA,SB502,GATCTACG,SB705
oro16.3188,AGAGTCAC,SB503,GATCTACG,SB705
negoro.35E05,GCTCTAGT,SC505,GATCTACG,SB705
oro16.2879,TGCGTACG,SC507,GATCTACG,SB705
oro16.2950,TAGTGTAG,SC508,GATCTACG,SB705
oro16.3492,ACTATCTG,SA502,GATCTACG,SB705
oro16.3217,TCGACGAG,SB506,GATCTACG,SB705
oro16.3196,TACGAGAC,SB504,GATCTACG,SB705
oro16.3503,TAGCGAGT,SA503,GATCTACG,SB705
negoro.33E05,TCATCGAG,SA505,GATCTACG,SB705
oro16.2847,CTAGAGCT,SC504,GATCTACG,SB705
oro16.3545,GATCGTGT,SB507,GATCTACG,SB705
oro16.3481,ATCGTACG,SA501,GATCTACG,SB705
negoro.34E05,ACGTCTCG,SB505,GATCTACG,SB705
oro16.2876,GACACTGA,SC506,GATCTACG,SB705
oro16.3243,GGATATCT,SA507,GATCTACG,SB705
oro16.contaminated.3564,ACGACGTG,SC501,GATCTACG,SB705
oro16.3581,ATATACAC,SC502,GATCTACG,SB705
bri16.0692,CGTGAGTG,SA506,GATCTACG,SB705
oro16.3547,GTCAGATA,SB508,GATCTACG,SB705
oro16.3254,GACACCGT,SA508,GATCTACG,SB705
oro16.2844,CGTCGCTA,SC503,GATCTACG,SB705
oro16.3264,CTACTATA,SB501,GATCTACG,SB705
oro16.3255,GACACCGT,SA508,GTAACGAG,SB706
oro16.3559,ACGACGTG,SC501,GTAACGAG,SB706
oro16.3203,TACGAGAC,SB504,GTAACGAG,SB706
oro16.3526,TCATCGAG,SA505,GTAACGAG,SB706
negoro.33F06,CGTGAGTG,SA506,GTAACGAG,SB706
oro16.3232,ACGTCTCG,SB505,GTAACGAG,SB706
oro16.3576,ATATACAC,SC502,GTAACGAG,SB706
oro16.3276,CGTTACTA,SB502,GTAACGAG,SB706
oro16.2859,GCTCTAGT,SC505,GTAACGAG,SB706
oro16.3493,ACTATCTG,SA502,GTAACGAG,SB706
oro16.3544,GATCGTGT,SB507,GTAACGAG,SB706
oro16.3265,CTACTATA,SB501,GTAACGAG,SB706
oro16.2981,TGCGTACG,SC507,GTAACGAG,SB706
oro16.3244,GGATATCT,SA507,GTAACGAG,SB706
oro16.3200,AGAGTCAC,SB503,GTAACGAG,SB706
negoro.35F06,GACACTGA,SC506,GTAACGAG,SB706
oro16.3504,TAGCGAGT,SA503,GTAACGAG,SB706
oro16.2968,TAGTGTAG,SC508,GTAACGAG,SB706
oro16.3548,GTCAGATA,SB508,GTAACGAG,SB706
oro16.3515,CTGCGTGT,SA504,GTAACGAG,SB706
oro16.2848,CTAGAGCT,SC504,GTAACGAG,SB706
oro16.3482,ATCGTACG,SA501,GTAACGAG,SB706
negoro.34F06,TCGACGAG,SB506,GTAACGAG,SB706
oro16.2839,CGTCGCTA,SC503,GTAACGAG,SB706
oro16.3256,GACACCGT,SA508,ACGTGCGC,SB707
oro16.2838,CGTCGCTA,SC503,ACGTGCGC,SB707
oro16.3549,GTCAGATA,SB508,ACGTGCGC,SB707
oro16.3527,TCATCGAG,SA505,ACGTGCGC,SB707
negoro.35G07,TGCGTACG,SC507,ACGTGCGC,SB707
oro16.3572a,ACGACGTG,SC501,ACGTGCGC,SB707
negoro.33G07,GGATATCT,SA507,ACGTGCGC,SB707
negoro.34G07,GATCGTGT,SB507,ACGTGCGC,SB707
oro16.3266,CTACTATA,SB501,ACGTGCGC,SB707
oro16.3572b,ATATACAC,SC502,ACGTGCGC,SB707
oro16.2882,GCTCTAGT,SC505,ACGTGCGC,SB707
oro16.2849,CTAGAGCT,SC504,ACGTGCGC,SB707
bri16.0187,CGTGAGTG,SA506,ACGTGCGC,SB707
oro16.2869,GACACTGA,SC506,ACGTGCGC,SB707
oro16.3199,AGAGTCAC,SB503,ACGTGCGC,SB707
oro16.2962,TAGTGTAG,SC508,ACGTGCGC,SB707
oro16.3277,CGTTACTA,SB502,ACGTGCGC,SB707
oro16.3209,TACGAGAC,SB504,ACGTGCGC,SB707
oro16.3483,ATCGTACG,SA501,ACGTGCGC,SB707
oro16.3516,CTGCGTGT,SA504,ACGTGCGC,SB707
oro16.3494,ACTATCTG,SA502,ACGTGCGC,SB707
oro16.3505,TAGCGAGT,SA503,ACGTGCGC,SB707
oro16.3223,ACGTCTCG,SB505,ACGTGCGC,SB707
oro16.3231,TCGACGAG,SB506,ACGTGCGC,SB707
oro16.3539,GATCGTGT,SB507,ATAGTACC,SB708
oro16.3245,GGATATCT,SA507,ATAGTACC,SB708
oro16.2837,CGTCGCTA,SC503,ATAGTACC,SB708
oro16.3575,ATATACAC,SC502,ATAGTACC,SB708
oro16.3495,ACTATCTG,SA502,ATAGTACC,SB708
oro16.3211,AGAGTCAC,SB503,ATAGTACC,SB708
oro16.3228,TACGAGAC,SB504,ATAGTACC,SB708
oro16.3267,CTACTATA,SB501,ATAGTACC,SB708
negoro.33H08,GACACCGT,SA508,ATAGTACC,SB708
oro16.3517,CTGCGTGT,SA504,ATAGTACC,SB708
oro16.2860,GCTCTAGT,SC505,ATAGTACC,SB708
oro16.2850,CTAGAGCT,SC504,ATAGTACC,SB708
oro16.2556a,ACGACGTG,SC501,ATAGTACC,SB708
oro16.3484,ATCGTACG,SA501,ATAGTACC,SB708
oro16.3234,CGTGAGTG,SA506,ATAGTACC,SB708
oro16.3278,CGTTACTA,SB502,ATAGTACC,SB708
negoro.35H08,TAGTGTAG,SC508,ATAGTACC,SB708
oro16.3528,TCATCGAG,SA505,ATAGTACC,SB708
oro16.3506,TAGCGAGT,SA503,ATAGTACC,SB708
oro16.3218,TCGACGAG,SB506,ATAGTACC,SB708
oro16.3226,ACGTCTCG,SB505,ATAGTACC,SB708
oro16.2945,TGCGTACG,SC507,ATAGTACC,SB708
oro16.2870,GACACTGA,SC506,ATAGTACC,SB708
negoro.34H08,GTCAGATA,SB508,ATAGTACC,SB708
oro16.3246,GGATATCT,SA507,GCGTATAC,SB709
oro16.3235,CGTGAGTG,SA506,GCGTATAC,SB709
oro16.2836,CGTCGCTA,SC503,GCGTATAC,SB709
oro16.3579,ATATACAC,SC502,GCGTATAC,SB709
oro16.3257,GACACCGT,SA508,GCGTATAC,SB709
oro16.3268,CTACTATA,SB501,GCGTATAC,SB709
oro16.2851,CTAGAGCT,SC504,GCGTATAC,SB709
oro16.3485,ATCGTACG,SA501,GCGTATAC,SB709
oro16.3279,CGTTACTA,SB502,GCGTATAC,SB709
oro16.3560,ACGACGTG,SC501,GCGTATAC,SB709
oro16.3496,ACTATCTG,SA502,GCGTATAC,SB709
oro16.2955,TAGTGTAG,SC508,GCGTATAC,SB709
oro16.3189,AGAGTCAC,SB503,GCGTATAC,SB709
oro16.2861,GCTCTAGT,SC505,GCGTATAC,SB709
oro16.3224,TCGACGAG,SB506,GCGTATAC,SB709
oro16.3507,TAGCGAGT,SA503,GCGTATAC,SB709
oro16.3220,TACGAGAC,SB504,GCGTATAC,SB709
oro16.3518,CTGCGTGT,SA504,GCGTATAC,SB709
oro16.3529,TCATCGAG,SA505,GCGTATAC,SB709
oro16.3212,ACGTCTCG,SB505,GCGTATAC,SB709
oro16.2871,GACACTGA,SC506,GCGTATAC,SB709
oro16.3542,GTCAGATA,SB508,GCGTATAC,SB709
oro16.2957,TGCGTACG,SC507,GCGTATAC,SB709
oro16.3567,GATCGTGT,SB507,GCGTATAC,SB709
oro16.3561,GATCGTGT,SB507,TGCTCGTA,SB710
oro16.3573,ACGACGTG,SC501,TGCTCGTA,SB710
oro16.3578,ATATACAC,SC502,TGCTCGTA,SB710
oro16.2872,GACACTGA,SC506,TGCTCGTA,SB710
oro16.3247,GGATATCT,SA507,TGCTCGTA,SB710
oro16.2862,GCTCTAGT,SC505,TGCTCGTA,SB710
oro16.2835,CGTCGCTA,SC503,TGCTCGTA,SB710
oro16.3258,GACACCGT,SA508,TGCTCGTA,SB710
oro16.3269,CTACTATA,SB501,TGCTCGTA,SB710
oro16.3216,AGAGTCAC,SB503,TGCTCGTA,SB710
oro16.2856,CTAGAGCT,SC504,TGCTCGTA,SB710
oro16.3497,ACTATCTG,SA502,TGCTCGTA,SB710
oro16.3543,GTCAGATA,SB508,TGCTCGTA,SB710
oro16.3519,CTGCGTGT,SA504,TGCTCGTA,SB710
oro16.3530,TCATCGAG,SA505,TGCTCGTA,SB710
oro16.3508,TAGCGAGT,SA503,TGCTCGTA,SB710
oro16.3486,ATCGTACG,SA501,TGCTCGTA,SB710
oro16.3222,TACGAGAC,SB504,TGCTCGTA,SB710
oro16.3280,CGTTACTA,SB502,TGCTCGTA,SB710
oro16.2974,TAGTGTAG,SC508,TGCTCGTA,SB710
oro16.3195,ACGTCTCG,SB505,TGCTCGTA,SB710
oro16.3151,TCGACGAG,SB506,TGCTCGTA,SB710
oro16.3236,CGTGAGTG,SA506,TGCTCGTA,SB710
oro16.2969,TGCGTACG,SC507,TGCTCGTA,SB710
oro16.2863,GCTCTAGT,SC505,AACGCTGA,SB711
oro16.3192,AGAGTCAC,SB503,AACGCTGA,SB711
oro16.3498,ACTATCTG,SA502,AACGCTGA,SB711
oro16.3487,ATCGTACG,SA501,AACGCTGA,SB711
oro16.2857,CTAGAGCT,SC504,AACGCTGA,SB711
oro16.2975,TAGTGTAG,SC508,AACGCTGA,SB711
oro16.3281,CGTTACTA,SB502,AACGCTGA,SB711
oro16.3259,GACACCGT,SA508,AACGCTGA,SB711
oro16.2873,GACACTGA,SC506,AACGCTGA,SB711
oro16.3566,ACGACGTG,SC501,AACGCTGA,SB711
oro16.3531,TCATCGAG,SA505,AACGCTGA,SB711
oro16.2834,CGTCGCTA,SC503,AACGCTGA,SB711
oro16.3570,ATATACAC,SC502,AACGCTGA,SB711
oro16.3552,GATCGTGT,SB507,AACGCTGA,SB711
oro16.3233,TACGAGAC,SB504,AACGCTGA,SB711
oro16.3248,GGATATCT,SA507,AACGCTGA,SB711
oro16.2939,TGCGTACG,SC507,AACGCTGA,SB711
oro16.3270,CTACTATA,SB501,AACGCTGA,SB711
oro16.3509,TAGCGAGT,SA503,AACGCTGA,SB711
oro16.3569,TCGACGAG,SB506,AACGCTGA,SB711
oro16.3207,ACGTCTCG,SB505,AACGCTGA,SB711
oro16.3538,GTCAGATA,SB508,AACGCTGA,SB711
oro16.3520,CTGCGTGT,SA504,AACGCTGA,SB711
oro16.3237,CGTGAGTG,SA506,AACGCTGA,SB711
oro16.3221,TACGAGAC,SB504,CGTAGCGA,SB712
oro16.3249,GGATATCT,SA507,CGTAGCGA,SB712
oro16.3204,CGTTACTA,SB502,CGTAGCGA,SB712
oro16.2852,CTAGAGCT,SC504,CGTAGCGA,SB712
oro16.2967,TAGTGTAG,SC508,CGTAGCGA,SB712
oro16.2864,GCTCTAGT,SC505,CGTAGCGA,SB712
oro16.3488,ATCGTACG,SA501,CGTAGCGA,SB712
oro16.3510,TAGCGAGT,SA503,CGTAGCGA,SB712
oro16.3571,ATATACAC,SC502,CGTAGCGA,SB712
oro16.2841,CGTCGCTA,SC503,CGTAGCGA,SB712
oro16.3499,ACTATCTG,SA502,CGTAGCGA,SB712
oro16.2874,GACACTGA,SC506,CGTAGCGA,SB712
oro16.3555,ACGACGTG,SC501,CGTAGCGA,SB712
oro16.3568,TCGACGAG,SB506,CGTAGCGA,SB712
oro16.3532,TCATCGAG,SA505,CGTAGCGA,SB712
oro16.3193,AGAGTCAC,SB503,CGTAGCGA,SB712
oro16.3238,CGTGAGTG,SA506,CGTAGCGA,SB712
oro16.3213,ACGTCTCG,SB505,CGTAGCGA,SB712
oro16.3554,GTCAGATA,SB508,CGTAGCGA,SB712
oro16.3521,CTGCGTGT,SA504,CGTAGCGA,SB712
oro16.3260,GACACCGT,SA508,CGTAGCGA,SB712
oro16.3535,GATCGTGT,SB507,CGTAGCGA,SB712
oro16.2944,TGCGTACG,SC507,CGTAGCGA,SB712
oro16.3271,CTACTATA,SB501,CGTAGCGA,SB712
