bri16.0138,GACACTGA,TGAGTACG,7,2
bri16.0139,CGTGAGTG,TAGTCTCC,7,2
bri16.0142,GACACTGA,ACTCACTG,7,2
bri16.0143,GACACTGA,ACGCTACT,7,2
bri16.0145,GCTCTAGT,TAGTCTCC,7,2
bri16.0148,GACACTGA,GACATAGT,7,2
bri16.0149,GACACTGA,CGAGAGTT,7,2
bri16.0151,GCTCTAGT,GTCTATGA,7,2
bri16.0152,GCTCTAGT,GTCTGCTA,7,2
bri16.0153,GCTCTAGT,ACTACGAC,7,2
bri16.0154,GCTCTAGT,CGAGCGAC,7,2
bri16.0155,GCTCTAGT,CTGCGTAG,7,2
bri16.0156,GCTCTAGT,ACTCACTG,7,2
bri16.0157,GCTCTAGT,GACATAGT,7,2
bri16.0158,GCTCTAGT,ACGCTACT,7,2
bri16.0159,GCTCTAGT,CGAGAGTT,7,2
bri16.0161,CGTGAGTG,GTCTGCTA,7,2
bri16.0162,CGTGAGTG,ACTACGAC,7,2
bri16.0406,CGTGAGTG,TATAGCGA,7,2
bri16.0407,GGATATCT,CGAGAGTT,7,2
bri16.0408,GGATATCT,GACATAGT,7,2
bri16.0409,GGATATCT,ACGCTACT,7,2
bri16.0410,GGATATCT,ACTCACTG,7,2
bri16.0411,GGATATCT,TGAGTACG,7,2
bri16.0412,GGATATCT,CTGCGTAG,7,2
bri16.0568,GATCGTGT,CGAAGTAT,7,2
bri16.0569,GATCGTGT,TAGCAGCT,7,2
bri16.0570,GATCGTGT,TCTCTATG,7,2
bri16.0571,GATCGTGT,GATCTACG,7,2
bri16.0572,GATCGTGT,GTAACGAG,7,2
bri16.0573,GATCGTGT,ATAGTACC,7,2
bri16.0575,GATCGTGT,GCGTATAC,7,2
bri16.0576,GATCGTGT,TGCTCGTA,7,2
bri16.0577,GATCGTGT,AACGCTGA,7,2
bri16.0579,GTCAGATA,CTCGACTT,7,2
bri16.0580,GTCAGATA,CGAAGTAT,7,2
bri16.0581,GTCAGATA,TAGCAGCT,7,2
bri16.0582,GTCAGATA,TCTCTATG,7,2
bri16.0583,GTCAGATA,GATCTACG,7,2
bri16.0584,GTCAGATA,GTAACGAG,7,2
bri16.0585,GTCAGATA,ACGTGCGC,7,2
bri16.0586,GTCAGATA,GCGTATAC,7,2
bri16.0587,GTCAGATA,TGCTCGTA,7,2
bri16.0588,GTCAGATA,AACGCTGA,7,2
bri16.0589,GTCAGATA,CGTAGCGA,7,2
bri16.0600,TCGACGAG,ATAGTACC,7,2
bri16.0601,ACGTCTCG,TGCTCGTA,7,2
bri16.0602,ACGTCTCG,AACGCTGA,7,2
bri16.0604,TCGACGAG,CTCGACTT,7,2
bri16.0605,TCGACGAG,CGAAGTAT,7,2
bri16.0606,TCGACGAG,TAGCAGCT,7,2
bri16.0607,TCGACGAG,TCTCTATG,7,2
bri16.0608,TCGACGAG,GATCTACG,7,2
bri16.0609,TCGACGAG,ACGTGCGC,7,2
bri16.0610,TCGACGAG,GCGTATAC,7,2
bri16.0611,TCGACGAG,TGCTCGTA,7,2
bri16.0612,TCGACGAG,AACGCTGA,7,2
bri16.0613,TCGACGAG,CGTAGCGA,7,2
bri16.0751,GATCGTGT,CTCGACTT,7,2
mockP7L2-IM4,CTAGTATG,ACTGTGTA,7,2
negbri.45F06,TCGACGAG,GTAACGAG,7,2
negbri.45G07,GATCGTGT,ACGTGCGC,7,2
negbri.45H08,GTCAGATA,ATAGTACC,7,2
negoro.37B02,ACTATCTG,GACATAGT,7,2
negoro.37F08,CGTGAGTG,CGAGCGAC,7,2
negoro.38A01,CTACTATA,CGAGAGTT,7,2
negoro.38B02,CGTTACTA,GACATAGT,7,2
negoro.38D04,TACGAGAC,ACTCACTG,7,2
negoro.38E05,ACGTCTCG,TGAGTACG,7,2
negoro.38F06,TCGACGAG,CTGCGTAG,7,2
negoro.38G07,GATCGTGT,TAGTCTCC,7,2
negoro.39A01,ACGACGTG,CGAGAGTT,7,2
negoro.39B02,ATATACAC,GACATAGT,7,2
negoro.39D04,CTAGAGCT,ACTCACTG,7,2
negoro.39E05,GCTCTAGT,TGAGTACG,7,2
negoro.39F06,GACACTGA,CTGCGTAG,7,2
negoro.40B02,ACTATCTG,CGAAGTAT,7,2
negoro.40C03,TAGCGAGT,TAGCAGCT,7,2
negoro.40D04,CTGCGTGT,TCTCTATG,7,2
negoro.40E05,TCATCGAG,GATCTACG,7,2
negoro.40F06,CGTGAGTG,GTAACGAG,7,2
negoro.40G07,GGATATCT,ACGTGCGC,7,2
negoro.40H08,GACACCGT,ATAGTACC,7,2
negoro.40H09,GACACCGT,GCGTATAC,7,2
negoro.40H10,GACACCGT,TGCTCGTA,7,2
negoro.40H11,GACACCGT,AACGCTGA,7,2
negoro.43B02,ATATACAC,CGAAGTAT,7,2
negoro.43D04,CTAGAGCT,TCTCTATG,7,2
negoro.43F06,GACACTGA,GTAACGAG,7,2
negoro.43G07,TGCGTACG,ACGTGCGC,7,2
negoro.45A01,CTACTATA,CTCGACTT,7,2
negoro.45B02,CGTTACTA,CGAAGTAT,7,2
negoro.45C03,AGAGTCAC,TAGCAGCT,7,2
negoro.45D04,TACGAGAC,TCTCTATG,7,2
negoro.45E05,ACGTCTCG,GATCTACG,7,2
oro16.1520,GGATATCT,ATAGTACC,7,2
oro16.1521,GGATATCT,GCGTATAC,7,2
oro16.1522,GGATATCT,TGCTCGTA,7,2
oro16.1523,GGATATCT,AACGCTGA,7,2
oro16.1524,GGATATCT,CGTAGCGA,7,2
oro16.1525,GACACCGT,CTCGACTT,7,2
oro16.1526,GACACCGT,CGAAGTAT,7,2
oro16.1527,GACACCGT,TAGCAGCT,7,2
oro16.1528,GACACCGT,TCTCTATG,7,2
oro16.1529,GACACCGT,GATCTACG,7,2
oro16.1530,GACACCGT,GTAACGAG,7,2
oro16.1531,GACACCGT,ACGTGCGC,7,2
oro16.2484,ACGACGTG,CGAAGTAT,7,2
oro16.2485,ACGACGTG,TAGCAGCT,7,2
oro16.2486,ACGACGTG,TCTCTATG,7,2
oro16.2487,ACGACGTG,GATCTACG,7,2
oro16.2488,ACGACGTG,GTAACGAG,7,2
oro16.2489,ACGACGTG,ACGTGCGC,7,2
oro16.2490,ACGACGTG,ATAGTACC,7,2
oro16.2491,ACGACGTG,GCGTATAC,7,2
oro16.2492,ACGACGTG,TGCTCGTA,7,2
oro16.2493,ACGACGTG,AACGCTGA,7,2
oro16.2495,ATATACAC,CTCGACTT,7,2
oro16.2496,ATATACAC,TAGCAGCT,7,2
oro16.2497,ATATACAC,TCTCTATG,7,2
oro16.2498,ATATACAC,GATCTACG,7,2
oro16.2499,ATATACAC,GTAACGAG,7,2
oro16.2500,ATATACAC,ACGTGCGC,7,2
oro16.2501,ATATACAC,ATAGTACC,7,2
oro16.2502,ATATACAC,GCGTATAC,7,2
oro16.2503,ATATACAC,TGCTCGTA,7,2
oro16.2504,ATATACAC,AACGCTGA,7,2
oro16.2507,CGTCGCTA,CGAAGTAT,7,2
oro16.2508,CGTCGCTA,TCTCTATG,7,2
oro16.2509,CGTCGCTA,GATCTACG,7,2
oro16.2510,CGTCGCTA,GTAACGAG,7,2
oro16.2511,CGTCGCTA,ACGTGCGC,7,2
oro16.2512,CGTCGCTA,ATAGTACC,7,2
oro16.2513,CGTCGCTA,GCGTATAC,7,2
oro16.2514,CGTCGCTA,TGCTCGTA,7,2
oro16.2515,CGTCGCTA,AACGCTGA,7,2
oro16.2517,CTAGAGCT,CTCGACTT,7,2
oro16.2518,CTAGAGCT,CGAAGTAT,7,2
oro16.2519,CTAGAGCT,TAGCAGCT,7,2
oro16.2520,CTAGAGCT,GATCTACG,7,2
oro16.2521,CTAGAGCT,GTAACGAG,7,2
oro16.2522,CTAGAGCT,ACGTGCGC,7,2
oro16.2523,CTAGAGCT,ATAGTACC,7,2
oro16.2524,CTAGAGCT,GCGTATAC,7,2
oro16.2525,CTAGAGCT,TGCTCGTA,7,2
oro16.2526,CTAGAGCT,AACGCTGA,7,2
oro16.2529,GCTCTAGT,CGAAGTAT,7,2
oro16.2530,GCTCTAGT,TAGCAGCT,7,2
oro16.2531,GCTCTAGT,TCTCTATG,7,2
oro16.2534,GCTCTAGT,GTAACGAG,7,2
oro16.2535,GCTCTAGT,ACGTGCGC,7,2
oro16.2536,GCTCTAGT,ATAGTACC,7,2
oro16.2537,GCTCTAGT,GCGTATAC,7,2
oro16.2538,GCTCTAGT,TGCTCGTA,7,2
oro16.2541,GACACTGA,CTCGACTT,7,2
oro16.2542,GACACTGA,CGAAGTAT,7,2
oro16.2543,GACACTGA,TAGCAGCT,7,2
oro16.2544,GACACTGA,TCTCTATG,7,2
oro16.2545,GACACTGA,GATCTACG,7,2
oro16.2546,GACACTGA,ACGTGCGC,7,2
oro16.2547,GACACTGA,ATAGTACC,7,2
oro16.2548,GACACTGA,GCGTATAC,7,2
oro16.2549,GACACTGA,TGCTCGTA,7,2
oro16.2551,GACACTGA,CGTAGCGA,7,2
oro16.2552,TGCGTACG,CTCGACTT,7,2
oro16.2554,TGCGTACG,TAGCAGCT,7,2
oro16.2555,TGCGTACG,TCTCTATG,7,2
oro16.2557,TGCGTACG,GTAACGAG,7,2
oro16.2561,TGCGTACG,AACGCTGA,7,2
oro16.2562,TGCGTACG,CGTAGCGA,7,2
oro16.2563,TAGTGTAG,CTCGACTT,7,2
oro16.2564,TAGTGTAG,CGAAGTAT,7,2
oro16.2565,TAGTGTAG,TAGCAGCT,7,2
oro16.2566,TAGTGTAG,TCTCTATG,7,2
oro16.2567,TAGTGTAG,GATCTACG,7,2
oro16.2568,TAGTGTAG,GTAACGAG,7,2
oro16.2570,TAGTGTAG,GCGTATAC,7,2
oro16.2571,TAGTGTAG,TGCTCGTA,7,2
oro16.2572,TAGTGTAG,AACGCTGA,7,2
oro16.2573,TAGTGTAG,CGTAGCGA,7,2
oro16.2654,CTACTATA,CGAAGTAT,7,2
oro16.2655,CTACTATA,TAGCAGCT,7,2
oro16.2656,CTACTATA,TCTCTATG,7,2
oro16.2657,CTACTATA,GATCTACG,7,2
oro16.2658,CTACTATA,GTAACGAG,7,2
oro16.2659,CTACTATA,ACGTGCGC,7,2
oro16.2660,CTACTATA,ATAGTACC,7,2
oro16.2661,CTACTATA,GCGTATAC,7,2
oro16.2662,CTACTATA,TGCTCGTA,7,2
oro16.2663,CTACTATA,AACGCTGA,7,2
oro16.2664,CTACTATA,CGTAGCGA,7,2
oro16.2665,CGTTACTA,CTCGACTT,7,2
oro16.2666,CGTTACTA,TAGCAGCT,7,2
oro16.2667,CGTTACTA,TCTCTATG,7,2
oro16.2668,CGTTACTA,GATCTACG,7,2
oro16.2669,CGTTACTA,GTAACGAG,7,2
oro16.2670,CGTTACTA,ACGTGCGC,7,2
oro16.2671,CGTTACTA,ATAGTACC,7,2
oro16.2672,CGTTACTA,GCGTATAC,7,2
oro16.2673,CGTTACTA,TGCTCGTA,7,2
oro16.2674,CGTTACTA,AACGCTGA,7,2
oro16.2675,CGTTACTA,CGTAGCGA,7,2
oro16.2676,AGAGTCAC,CTCGACTT,7,2
oro16.2677,AGAGTCAC,CGAAGTAT,7,2
oro16.2678,AGAGTCAC,TCTCTATG,7,2
oro16.2685,AGAGTCAC,GCGTATAC,7,2
oro16.2689,TACGAGAC,CTCGACTT,7,2
oro16.2690,TACGAGAC,CGAAGTAT,7,2
oro16.2691,TACGAGAC,TAGCAGCT,7,2
oro16.2692,TACGAGAC,GATCTACG,7,2
oro16.2693,TACGAGAC,GTAACGAG,7,2
oro16.2694,TACGAGAC,ACGTGCGC,7,2
oro16.2695,TACGAGAC,ATAGTACC,7,2
oro16.2696,TACGAGAC,GCGTATAC,7,2
oro16.2697,TACGAGAC,TGCTCGTA,7,2
oro16.2698,TACGAGAC,AACGCTGA,7,2
oro16.2699,TACGAGAC,CGTAGCGA,7,2
oro16.2700,ACGTCTCG,CTCGACTT,7,2
oro16.2701,ACGTCTCG,CGAAGTAT,7,2
oro16.2702,ACGTCTCG,TAGCAGCT,7,2
oro16.2703,ACGTCTCG,TCTCTATG,7,2
oro16.2704,ACGTCTCG,GTAACGAG,7,2
oro16.2705,ACGTCTCG,ACGTGCGC,7,2
oro16.2706,ACGTCTCG,ATAGTACC,7,2
oro16.2707,ACGTCTCG,GCGTATAC,7,2
oro16.2734,GACACTGA,TAGTCTCC,7,2
oro16.2735,GACACTGA,CGAGCGAC,7,2
oro16.2736,GACACTGA,ACTACGAC,7,2
oro16.2737,GACACTGA,GTCTGCTA,7,2
oro16.2738,GACACTGA,GTCTATGA,7,2
oro16.2739,GACACTGA,TATAGCGA,7,2
oro16.2740,TGCGTACG,CGAGAGTT,7,2
oro16.2741,TGCGTACG,GACATAGT,7,2
oro16.2742,TGCGTACG,ACGCTACT,7,2
oro16.2743,TGCGTACG,ACTCACTG,7,2
oro16.2744,TGCGTACG,TGAGTACG,7,2
oro16.2745,TGCGTACG,CTGCGTAG,7,2
oro16.2746,TGCGTACG,CGAGCGAC,7,2
oro16.2747,TGCGTACG,ACTACGAC,7,2
oro16.2748,TGCGTACG,GTCTGCTA,7,2
oro16.2749,TGCGTACG,GTCTATGA,7,2
oro16.2751,TAGTGTAG,CGAGAGTT,7,2
oro16.2754,TAGTGTAG,ACTCACTG,7,2
oro16.2757,TAGTGTAG,TAGTCTCC,7,2
oro16.2759,TAGTGTAG,GTCTGCTA,7,2
oro16.2762,ATCGTACG,CGAAGTAT,7,2
oro16.2763,ATCGTACG,TAGCAGCT,7,2
oro16.2764,ATCGTACG,TCTCTATG,7,2
oro16.2765,ATCGTACG,GATCTACG,7,2
oro16.2766,ATCGTACG,GTAACGAG,7,2
oro16.2767,ATCGTACG,ACGTGCGC,7,2
oro16.2768,ATCGTACG,ATAGTACC,7,2
oro16.2769,ATCGTACG,GCGTATAC,7,2
oro16.2770,ATCGTACG,TGCTCGTA,7,2
oro16.2771,ATCGTACG,AACGCTGA,7,2
oro16.2773,ACTATCTG,CTCGACTT,7,2
oro16.2774,ACTATCTG,TAGCAGCT,7,2
oro16.2775,ACTATCTG,TCTCTATG,7,2
oro16.2776,ACTATCTG,GATCTACG,7,2
oro16.2777,ACTATCTG,GTAACGAG,7,2
oro16.2778,ACTATCTG,ACGTGCGC,7,2
oro16.2779,ACTATCTG,ATAGTACC,7,2
oro16.2780,ACTATCTG,GCGTATAC,7,2
oro16.2781,ACTATCTG,TGCTCGTA,7,2
oro16.2782,ACTATCTG,AACGCTGA,7,2
oro16.2784,TAGCGAGT,CTCGACTT,7,2
oro16.2785,TAGCGAGT,CGAAGTAT,7,2
oro16.2786,TAGCGAGT,TCTCTATG,7,2
oro16.2787,TAGCGAGT,GATCTACG,7,2
oro16.2788,TAGCGAGT,GTAACGAG,7,2
oro16.2789,TAGCGAGT,ACGTGCGC,7,2
oro16.2790,TAGCGAGT,ATAGTACC,7,2
oro16.2791,TAGCGAGT,GCGTATAC,7,2
oro16.2792,TAGCGAGT,TGCTCGTA,7,2
oro16.2793,TAGCGAGT,AACGCTGA,7,2
oro16.2795,CTGCGTGT,CTCGACTT,7,2
oro16.2796,CTGCGTGT,CGAAGTAT,7,2
oro16.2797,CTGCGTGT,TAGCAGCT,7,2
oro16.2798,CTGCGTGT,GATCTACG,7,2
oro16.2799,CTGCGTGT,GTAACGAG,7,2
oro16.2800,CTGCGTGT,ACGTGCGC,7,2
oro16.2801,CTGCGTGT,ATAGTACC,7,2
oro16.2802,CTGCGTGT,GCGTATAC,7,2
oro16.2803,CTGCGTGT,TGCTCGTA,7,2
oro16.2804,CTGCGTGT,AACGCTGA,7,2
oro16.2806,TCATCGAG,CTCGACTT,7,2
oro16.2807,TCATCGAG,CGAAGTAT,7,2
oro16.2808,TCATCGAG,TAGCAGCT,7,2
oro16.2809,TCATCGAG,TCTCTATG,7,2
oro16.2810,TCATCGAG,GTAACGAG,7,2
oro16.2811,TCATCGAG,ACGTGCGC,7,2
oro16.2812,TCATCGAG,ATAGTACC,7,2
oro16.2813,TCATCGAG,GCGTATAC,7,2
oro16.2814,TCATCGAG,TGCTCGTA,7,2
oro16.2815,TCATCGAG,AACGCTGA,7,2
oro16.2817,CGTGAGTG,CTCGACTT,7,2
oro16.2818,CGTGAGTG,CGAAGTAT,7,2
oro16.2819,CGTGAGTG,TAGCAGCT,7,2
oro16.2820,CGTGAGTG,TCTCTATG,7,2
oro16.2821,CGTGAGTG,GATCTACG,7,2
oro16.2822,CGTGAGTG,ACGTGCGC,7,2
oro16.2823,CGTGAGTG,ATAGTACC,7,2
oro16.2824,CGTGAGTG,GCGTATAC,7,2
oro16.2825,CGTGAGTG,TGCTCGTA,7,2
oro16.2826,CGTGAGTG,AACGCTGA,7,2
oro16.2827,CGTGAGTG,CGTAGCGA,7,2
oro16.2828,GGATATCT,CTCGACTT,7,2
oro16.2829,GGATATCT,CGAAGTAT,7,2
oro16.2830,GGATATCT,TAGCAGCT,7,2
oro16.2831,GGATATCT,TCTCTATG,7,2
oro16.2832,GGATATCT,GATCTACG,7,2
oro16.2833,GGATATCT,GTAACGAG,7,2
oro16.4234,GATCGTGT,CGAGCGAC,7,2
oro16.4235,GATCGTGT,ACTACGAC,7,2
oro16.4236,GATCGTGT,GTCTGCTA,7,2
oro16.4239,GTCAGATA,CGAGAGTT,7,2
oro16.4240,GTCAGATA,GACATAGT,7,2
oro16.4241,GTCAGATA,ACGCTACT,7,2
oro16.4242,GTCAGATA,ACTCACTG,7,2
oro16.4243,GTCAGATA,TGAGTACG,7,2
oro16.4244,GTCAGATA,CTGCGTAG,7,2
oro16.4245,GTCAGATA,TAGTCTCC,7,2
oro16.4246,GTCAGATA,ACTACGAC,7,2
oro16.4247,GTCAGATA,GTCTGCTA,7,2
oro16.4248,GTCAGATA,GTCTATGA,7,2
oro16.4250,ACGACGTG,GACATAGT,7,2
oro16.4251,ACGACGTG,ACGCTACT,7,2
oro16.4252,ACGACGTG,ACTCACTG,7,2
oro16.4253,ACGACGTG,TGAGTACG,7,2
oro16.4254,ACGACGTG,CTGCGTAG,7,2
oro16.4255,ACGACGTG,TAGTCTCC,7,2
oro16.4256,ACGACGTG,CGAGCGAC,7,2
oro16.4257,ACGACGTG,ACTACGAC,7,2
oro16.4258,ACGACGTG,GTCTGCTA,7,2
oro16.4259,ACGACGTG,GTCTATGA,7,2
oro16.4261,ATATACAC,CGAGAGTT,7,2
oro16.4262,ATATACAC,ACGCTACT,7,2
oro16.4263,ATATACAC,ACTCACTG,7,2
oro16.4264,ATATACAC,TGAGTACG,7,2
oro16.4265,ATATACAC,CTGCGTAG,7,2
oro16.4266,ATATACAC,TAGTCTCC,7,2
oro16.4267,ATATACAC,CGAGCGAC,7,2
oro16.4268,ATATACAC,ACTACGAC,7,2
oro16.4269,ATATACAC,GTCTGCTA,7,2
oro16.4270,ATATACAC,GTCTATGA,7,2
oro16.4272,CGTCGCTA,CGAGAGTT,7,2
oro16.4273,CGTCGCTA,GACATAGT,7,2
oro16.4274,CGTCGCTA,ACTCACTG,7,2
oro16.4275,CGTCGCTA,TGAGTACG,7,2
oro16.4276,CGTCGCTA,CTGCGTAG,7,2
oro16.4277,CGTCGCTA,TAGTCTCC,7,2
oro16.4278,CGTCGCTA,CGAGCGAC,7,2
oro16.4279,CGTCGCTA,ACTACGAC,7,2
oro16.4280,CGTCGCTA,GTCTGCTA,7,2
oro16.4281,CGTCGCTA,GTCTATGA,7,2
oro16.4385,CTAGAGCT,CGAGAGTT,7,2
oro16.4386,CTAGAGCT,GACATAGT,7,2
oro16.4387,CTAGAGCT,ACGCTACT,7,2
oro16.4388,CTAGAGCT,TGAGTACG,7,2
oro16.4389,CTAGAGCT,CTGCGTAG,7,2
oro16.4390,CTAGAGCT,TAGTCTCC,7,2
oro16.4391,CTAGAGCT,CGAGCGAC,7,2
oro16.4392,CTAGAGCT,ACTACGAC,7,2
oro16.4393,CTAGAGCT,GTCTGCTA,7,2
oro16.4394,CTAGAGCT,GTCTATGA,7,2
oro16.9127,GGATATCT,CGAGCGAC,7,2
oro16.9128,GGATATCT,ACTACGAC,7,2
oro16.9129,GGATATCT,GTCTGCTA,7,2
oro16.9130,GGATATCT,GTCTATGA,7,2
oro16.9132,GACACCGT,CGAGAGTT,7,2
oro16.9133,GACACCGT,GACATAGT,7,2
oro16.9136,GACACCGT,TGAGTACG,7,2
oro16.9137,GACACCGT,CTGCGTAG,7,2
oro16.9139,GACACCGT,ACTACGAC,7,2
oro16.9140,GACACCGT,GTCTGCTA,7,2
oro16.9141,GACACCGT,GTCTATGA,7,2
oro16.9142,GACACCGT,TATAGCGA,7,2
oro16.9143,CTACTATA,GACATAGT,7,2
oro16.9144,CTACTATA,ACGCTACT,7,2
oro16.9145,CTACTATA,ACTCACTG,7,2
oro16.9146,CTACTATA,TGAGTACG,7,2
oro16.9147,CTACTATA,CTGCGTAG,7,2
oro16.9148,CTACTATA,TAGTCTCC,7,2
oro16.9149,CTACTATA,CGAGCGAC,7,2
oro16.9150,CTACTATA,ACTACGAC,7,2
oro16.9151,CTACTATA,GTCTGCTA,7,2
oro16.9152,CTACTATA,GTCTATGA,7,2
oro16.9154,CGTTACTA,CGAGAGTT,7,2
oro16.9155,CGTTACTA,ACGCTACT,7,2
oro16.9156,CGTTACTA,ACTCACTG,7,2
oro16.9157,CGTTACTA,TGAGTACG,7,2
oro16.9158,CGTTACTA,CTGCGTAG,7,2
oro16.9159,CGTTACTA,TAGTCTCC,7,2
oro16.9160,CGTTACTA,CGAGCGAC,7,2
oro16.9161,CGTTACTA,ACTACGAC,7,2
oro16.9162,CGTTACTA,GTCTGCTA,7,2
oro16.9250,CGTTACTA,GTCTATGA,7,2
oro16.9252,AGAGTCAC,CGAGAGTT,7,2
oro16.9253,AGAGTCAC,GACATAGT,7,2
oro16.9254,AGAGTCAC,ACTCACTG,7,2
oro16.9255,AGAGTCAC,TGAGTACG,7,2
oro16.9256,AGAGTCAC,CTGCGTAG,7,2
oro16.9257,AGAGTCAC,TAGTCTCC,7,2
oro16.9258,AGAGTCAC,CGAGCGAC,7,2
oro16.9259,AGAGTCAC,ACTACGAC,7,2
oro16.9260,AGAGTCAC,GTCTGCTA,7,2
oro16.9261,AGAGTCAC,GTCTATGA,7,2
oro16.9263,TACGAGAC,CGAGAGTT,7,2
oro16.9264,TACGAGAC,GACATAGT,7,2
oro16.9265,TACGAGAC,ACGCTACT,7,2
oro16.9266,TACGAGAC,TGAGTACG,7,2
oro16.9267,TACGAGAC,CTGCGTAG,7,2
oro16.9268,TACGAGAC,TAGTCTCC,7,2
oro16.9269,TACGAGAC,CGAGCGAC,7,2
oro16.9270,TACGAGAC,ACTACGAC,7,2
oro16.9271,TACGAGAC,GTCTGCTA,7,2
oro16.9272,TACGAGAC,GTCTATGA,7,2
oro16.9274,ACGTCTCG,CGAGAGTT,7,2
oro16.9275,ACGTCTCG,GACATAGT,7,2
oro16.9276,ACGTCTCG,ACGCTACT,7,2
oro16.9277,ACGTCTCG,ACTCACTG,7,2
oro16.9278,ACGTCTCG,CTGCGTAG,7,2
oro16.9279,ACGTCTCG,TAGTCTCC,7,2
oro16.9280,ACGTCTCG,CGAGCGAC,7,2
oro16.9281,ACGTCTCG,ACTACGAC,7,2
oro16.9282,ACGTCTCG,GTCTGCTA,7,2
oro16.9283,ACGTCTCG,GTCTATGA,7,2
oro16.9284,ACGTCTCG,TATAGCGA,7,2
oro16.9285,TCGACGAG,CGAGAGTT,7,2
oro16.9286,TCGACGAG,GACATAGT,7,2
oro16.9287,TCGACGAG,ACGCTACT,7,2
oro16.9288,TCGACGAG,ACTCACTG,7,2
oro16.9289,TCGACGAG,TGAGTACG,7,2
oro16.9290,TCGACGAG,TAGTCTCC,7,2
oro16.9291,TCGACGAG,CGAGCGAC,7,2
oro16.9292,TCGACGAG,ACTACGAC,7,2
oro16.9293,TCGACGAG,GTCTGCTA,7,2
oro16.9294,TCGACGAG,GTCTATGA,7,2
oro16.9295,TCGACGAG,TATAGCGA,7,2
oro16.9297,GATCGTGT,GACATAGT,7,2
oro16.9298,GATCGTGT,ACGCTACT,7,2
oro16.9299,GATCGTGT,ACTCACTG,7,2
oro16.9300,GATCGTGT,TGAGTACG,7,2
oro16.9301,GATCGTGT,CTGCGTAG,7,2
oro16.CP16-0001,ATCGTACG,GACATAGT,7,2
oro16.CP16-0003,ATCGTACG,ACTCACTG,7,2
oro16.CP16-0004,ATCGTACG,TGAGTACG,7,2
oro16.CP16-0005,ATCGTACG,CTGCGTAG,7,2
oro16.CP16-0006,ATCGTACG,TAGTCTCC,7,2
oro16.CP16-0009,ATCGTACG,GTCTGCTA,7,2
oro16.CP16-0010,ATCGTACG,GTCTATGA,7,2
oro16.CP16-0011,ATCGTACG,TATAGCGA,7,2
oro16.CP16-0017,ACTATCTG,CGAGAGTT,7,2
oro16.CP16-0051,ACTATCTG,ACGCTACT,7,2
oro16.CP16-0052,ACTATCTG,ACTCACTG,7,2
oro16.CP16-0053,ACTATCTG,TGAGTACG,7,2
oro16.CP16-0054,ACTATCTG,CTGCGTAG,7,2
oro16.CP16-0055,ACTATCTG,TAGTCTCC,7,2
oro16.CP16-0056,ACTATCTG,CGAGCGAC,7,2
oro16.CP16-0057,ACTATCTG,ACTACGAC,7,2
oro16.CP16-0058,ACTATCTG,GTCTGCTA,7,2
oro16.CP16-0059,ACTATCTG,GTCTATGA,7,2
oro16.CP16-0062,TAGCGAGT,GACATAGT,7,2
oro16.CP16-0063,TAGCGAGT,ACTCACTG,7,2
oro16.CP16-0064,TAGCGAGT,TGAGTACG,7,2
oro16.CP16-0065,TAGCGAGT,CTGCGTAG,7,2
oro16.CP16-0066,TAGCGAGT,TAGTCTCC,7,2
oro16.CP16-0067,TAGCGAGT,CGAGCGAC,7,2
oro16.CP16-0068,TAGCGAGT,ACTACGAC,7,2
oro16.CP16-0069,TAGCGAGT,GTCTGCTA,7,2
oro16.CP16-0071,TAGCGAGT,TATAGCGA,7,2
oro16.CP16-0072,CTGCGTGT,CGAGAGTT,7,2
oro16.CP16-0073,CTGCGTGT,GACATAGT,7,2
oro16.CP16-0074,CTGCGTGT,ACGCTACT,7,2
oro16.CP16-0076,CTGCGTGT,CTGCGTAG,7,2
oro16.CP16-0077,CTGCGTGT,TAGTCTCC,7,2
oro16.CP16-0078,CTGCGTGT,CGAGCGAC,7,2
oro16.CP16-0079,CTGCGTGT,ACTACGAC,7,2
oro16.CP16-0080,CTGCGTGT,GTCTGCTA,7,2
oro16.CP16-0081,CTGCGTGT,GTCTATGA,7,2
oro16.CP16-0096,CTGCGTGT,TATAGCGA,7,2
oro16.CP16-0097,TCATCGAG,CGAGAGTT,7,2
oro16.CP16-0098,TCATCGAG,GACATAGT,7,2
oro16.CP16-0100,TCATCGAG,ACTCACTG,7,2
oro16.CP16-0102,TCATCGAG,TAGTCTCC,7,2
oro16.CP16-0104,TCATCGAG,ACTACGAC,7,2
oro16.CP16-0105,TCATCGAG,GTCTGCTA,7,2
oro16.CP16-0106,TCATCGAG,GTCTATGA,7,2
oro16.CP16-0112,CGTGAGTG,TGAGTACG,7,2
unknown.discard.discardthis,CGTGAGTG,GTCTATGA,7,2
